{
"apiVersion": "V2",
"assemblies": [
{
  "files": [
    {
      "filePath": "data_summary.tsv",
      "fileType": "DATA_TABLE",
      "uncompressedLengthBytes": "638"
    },
    {
      "filePath": "assembly_data_report.jsonl",
      "fileType": "DATA_REPORT",
      "uncompressedLengthBytes": "5639"
    }
  ]
},{
  "accession": "GCA_000005845.2",
  "files": [
    {
      "filePath": "GCA_000005845.2/cds_from_genomic.fna",
      "fileType": "CDS_NUCLEOTIDE_FASTA",
      "uncompressedLengthBytes": "5020264"
    },
    {
      "filePath": "GCA_000005845.2/genomic.gbff",
      "fileType": "GENBANK_FLAT_FILE",
      "uncompressedLengthBytes": "11720888"
    },
    {
      "filePath": "GCA_000005845.2/GCA_000005845.2_ASM584v2_genomic.fna",
      "fileType": "GENOMIC_NUCLEOTIDE_FASTA",
      "uncompressedLengthBytes": "4699742"
    },
    {
      "filePath": "GCA_000005845.2/genomic.gff",
      "fileType": "GFF3",
      "uncompressedLengthBytes": "2294817"
    },
    {
      "filePath": "GCA_000005845.2/genomic.gtf",
      "fileType": "GTF",
      "uncompressedLengthBytes": "6255787"
    },
    {
      "filePath": "GCA_000005845.2/protein.faa",
      "fileType": "PROTEIN_FASTA",
      "uncompressedLengthBytes": "1745945"
    },
    {
      "filePath": "GCA_000005845.2/sequence_report.jsonl",
      "fileType": "SEQUENCE_REPORT",
      "uncompressedLengthBytes": "311"
    }
  ]
},{
  "accession": "GCF_000005845.2",
  "files": [
    {
      "filePath": "GCF_000005845.2/cds_from_genomic.fna",
      "fileType": "CDS_NUCLEOTIDE_FASTA",
      "uncompressedLengthBytes": "5043627"
    },
    {
      "filePath": "GCF_000005845.2/genomic.gbff",
      "fileType": "GENBANK_FLAT_FILE",
      "uncompressedLengthBytes": "11882100"
    },
    {
      "filePath": "GCF_000005845.2/GCF_000005845.2_ASM584v2_genomic.fna",
      "fileType": "GENOMIC_NUCLEOTIDE_FASTA",
      "uncompressedLengthBytes": "4699745"
    },
    {
      "filePath": "GCF_000005845.2/genomic.gff",
      "fileType": "GFF3",
      "uncompressedLengthBytes": "2467646"
    },
    {
      "filePath": "GCF_000005845.2/genomic.gtf",
      "fileType": "GTF",
      "uncompressedLengthBytes": "6774966"
    },
    {
      "filePath": "GCF_000005845.2/protein.faa",
      "fileType": "PROTEIN_FASTA",
      "uncompressedLengthBytes": "1750878"
    },
    {
      "filePath": "GCF_000005845.2/sequence_report.jsonl",
      "fileType": "SEQUENCE_REPORT",
      "uncompressedLengthBytes": "311"
    }
  ]
}]}
